[
    {
        "_id": "61eb0a261348911e0f983451",
        "title": "Software Engineer",
        "salary": 130000,
        "description": "Positions have responsibility for all areas of the software development lifecycle.",
        "experience": "More than 3 years of Development experience",
        "postDate": "2022-01-01T09:09:55.782Z",
        "skills": [
            "Java",
            "Python",
            "Cloud"
        ],
        "location": {
            "_id": "61eb0b9b5e55e73b22128071",
            "state": "CA",
            "city": "San Francisco"
        },
        "review": [
            {
                "_id": "61eb0b9b5e55e73b22128072",
                "date": "2022-01-03T10:15:23.555Z",
                "text": "How long?",
                "reviewer": "John Catania"
            },
            {
                "_id": "61eb0b9b5e55e73b22128073",
                "date": "2022-01-10T15:24:20.565Z",
                "text": "What is the company for?",
                "reviewer": "James Bell"
            }
        ]
    }
]